<application>
  <component name="FileTypeManager" version="17">
    <extensionMap>
      <mapping pattern="hosts2" type="PLAIN_TEXT" />
      <mapping pattern="postgresql" type="PLAIN_TEXT" />
      <mapping pattern="make" type="PLAIN_TEXT" />
      <mapping pattern="hosts" type="PLAIN_TEXT" />
      <mapping pattern=".dev" type="PLAIN_TEXT" />
      <mapping ext="template" type="PLAIN_TEXT" />
      <mapping ext="bak" type="PLAIN_TEXT" />
      <removed_mapping ext="bat" approved="true" type="PLAIN_TEXT" />
      <removed_mapping ext="cmd" approved="true" type="PLAIN_TEXT" />
      <removed_mapping ext="bat" approved="true" type="PLAIN_TEXT" />
      <removed_mapping ext="log" approved="true" type="PLAIN_TEXT" />
      <removed_mapping ext="dockerfile" approved="true" type="textmate" />
      <removed_mapping ext="makefile" approved="true" type="textmate" />
      <removed_mapping ext="cmd" approved="true" type="PLAIN_TEXT" />
      <removed_mapping ext="snakefile" approved="true" type="textmate" />
    </extensionMap>
  </component>
</application>